{"cameraMode":{"drawMode":0,"name":"Shaded","section":"Shading Mode"},"sceneLighting":false,"audioPlay":false,"sceneViewState":{"showFog":true,"showMaterialUpdate":false,"showSkybox":true,"showFlares":true,"showImageEffects":true,"showParticleSystems":true},"in2DMode":false,"pivot":{"x":240.92440795898438,"y":202.67637634277345,"z":0.0},"rotation":{"x":-0.014686403796076775,"y":-0.014388241805136204,"z":-0.00021144363563507795,"w":0.9997886419296265},"size":42.42525863647461,"orthographic":false}